CREATE TABLE IF NOT EXISTS Faculties (
    FacultyID INT PRIMARY KEY,
    FacultyName VARCHAR(40) NOT NULL
);
CREATE TABLE IF NOT EXISTS Departments (
    DepartmentID INT PRIMARY KEY,
    DepartmentName VARCHAR(45) NOT NULL,
    FacultyID INT NOT NULL,
    FOREIGN KEY (FacultyID) REFERENCES Faculties(FacultyID)
);
CREATE TABLE IF NOT EXISTS Programs(
    ProgramID INT PRIMARY KEY,
    ProgramName VARCHAR(50) NOT NULL,
    Tuition_Fee INT NOT NULL,
    DepartmentID INT NOT NULL ,
    FOREIGN KEY (DepartmentID) REFERENCES Departments(DepartmentID)
);
CREATE TABLE IF NOT EXISTS Lecturers (
	LecturerID INT PRIMARY KEY,
	LecturerName VARCHAR(30) NOT NULL,
	Email VARCHAR(35) NOT NULL,
	DepartmentID INT NOT NULL,
    FOREIGN KEY (DepartmentID) REFERENCES Departments(DepartmentID)
);
CREATE TABLE IF NOT EXISTS ProgramYears(
	ProgramYearID INT PRIMARY KEY,
	StartYear INT NOT NULL,
	EndYear INT NOT NULL,
	ProgramID INT NOT NULL,
    FOREIGN KEY (ProgramID) REFERENCES Programs(ProgramID),
	AdvisorID INT NOT NULL,
    FOREIGN KEY (AdvisorID) REFERENCES Lecturers(LecturerID)
);
CREATE TABLE IF NOT EXISTS Semesters (
     SemesterID INT PRIMARY KEY,
    -- Name of the semester (e.g., 'Fall' or 'Spring')
    SemesterName VARCHAR(6) COMMENT 'Fall or spring',
    ProgramYearID INT NOT NULL ,
    FOREIGN KEY (ProgramYearID) REFERENCES ProgramYears(ProgramYearID)
);

CREATE TABLE IF NOT EXISTS Courses (
    CourseID INT PRIMARY KEY,
    Code VARCHAR(10) NOT NULL,
    Name VARCHAR(70) NOT NULL,
    ECTS INT NOT NULL,
    Credits INT NOT NULL,
    -- TYPE IS (Elective or Compulsory) 
    Type VARCHAR(11),
    SemesterID INT NOT NULL,
    FOREIGN KEY (SemesterID) REFERENCES Semesters(SemesterID) 
);
CREATE TABLE IF NOT EXISTS Classes (
    ClassID INT PRIMARY KEY,
   -- A,B,C or D
    ClassName VARCHAR(1) NOT NULL,
    CourseID INT NOT NULL,
    FOREIGN KEY (CourseID) REFERENCES Courses(CourseID)
);
CREATE TABLE IF NOT EXISTS Students (
    StudentID INT PRIMARY KEY,
    StudentName VARCHAR(50) NOT NULL,
    StudentEmail VARCHAR(30)NOT NULL,
    YearOfEnrollment INT NOT NULL,
    Scolarship INT, 
    Graduate BOOLEAN,
    GraduationDate DATE,
    BirthDate Date,
    BirthPlace VARCHAR(25)
);
CREATE TABLE IF NOT EXISTS ProgramEnrollment(
    EnrollementID INT PRIMARY KEY,
    StudentID INT NOT NULL,
    FOREIGN KEY(StudentID) REFERENCES Students(StudentID),
    ProgramYearID INT NOT NULL,
    FOREIGN KEY(ProgramYearID) REFERENCES ProgramYears(ProgramYearID)
); 

CREATE TABLE IF NOT EXISTS CourseSelection(
    CourseSelectionID INT PRIMARY KEY,
    ClassID INT NOT NULL,
    FOREIGN KEY(ClassID) REFERENCES Classes(ClassID),
    StudentID INT NOT NULL,
    FOREIGN KEY(StudentID) REFERENCES Students(StudentID)
);

CREATE TABLE IF NOT EXISTS LecturerClass(
    LecturerClassID INT PRIMARY KEY,
    ClassID INT NOT NULL,
    FOREIGN KEY(ClassID) REFERENCES Classes(ClassID),
    LecturerID INT NOT NULL,
    FOREIGN KEY(LecturerID) REFERENCES Lecturers(LecturerID)
);

CREATE TABLE IF NOT EXISTS Attendence(
    AttendanceID INT PRIMARY KEY,
    StudentID INT NOT NULL,
    FOREIGN KEY(StudentID) REFERENCES Students(StudentID),
    CourseID INT NOT NULL,
    FOREIGN KEY (CourseID) REFERENCES Courses(CourseID),
    total INT NOT NULL,
    attended INT NOT NULL
);

CREATE TABLE IF NOT EXISTS InterimGrades(
    GradeID INT PRIMARY KEY,
    StudentID INT NOT NULL,
    FOREIGN KEY(StudentID) REFERENCES Students(StudentID),
    CourseID INT NOT NULL,
    FOREIGN KEY (CourseID) REFERENCES Courses(CourseID),
    Type VARCHAR(20) NOT NULL,
    Percentage INT NOT NULL,
    Val INT
);

CREATE TABLE IF NOT EXISTS FinalGrade(
    FinalGrade INT PRIMARY KEY,
    StudentID INT NOT NULL,
    FOREIGN KEY(StudentID) REFERENCES Students(StudentID),
    CourseID INT NOT NULL,
    FOREIGN KEY (CourseID) REFERENCES Courses(CourseID),
    Val DECIMAL(4,2) NOT NULL
);

CREATE TABLE IF NOT EXISTS Payments(
    PaymentID INT PRIMARY KEY,
    StudentID INT NOT NULL,
    FOREIGN KEY(StudentID) REFERENCES Students(StudentID),
    ProgramYearID INT NOT NULL,
    FOREIGN KEY(ProgramYearID) REFERENCES ProgramYears(ProgramYearID),
    PaymentAmount INT NOT NULL,
    PaymentDate DATE NOT NULL
);


INSERT INTO Students(StudentID,StudentName,StudentEmail,YearOfEnrollment,Scolarship,Graduate)
VALUES(1,'Kristi Samara','ksamara22@epoka.edu.al',2022,10,FALSE),
        (2,'Joel Bitri','jbitri21@epoka.edu.al',2021,0,FALSE),
        (3,'Ermin Lilaj','elilaj21@epoka.edu.al',2021,50,FALSE),
        (4,'Indrit Ferati','iferati21@epoka.edu.al',2021,0,FALSE),
        (5,'Borian Llukacaj','bllukacaj21@epoka.edu.al',2021,0,FALSE),
        (6,'Xhorxh','xhhoxha21@epoka.edu.al',2021,0,FALSE),
        (7,'Robert','rprifti21@epoka.edu.al',2021,0,FALSE),
        (8,'John Smith','john.smith@email.com',2021,0,FALSE),
        (9,'Emma Johnson','emma.johnson@email.com',2021,0,FALSE),
        (10,'Michael Davis','michael.davis@email.com',2021,0,FALSE),
        (11,'Sophia Wilson','sophia.wilson@email.com',2021,0,FALSE),
        (12,'Daniel Brown','daniel.brown@email.com',2021,0,FALSE),
        (13,'Olivia Miller','olivia.miller@email.com',2021,0,FALSE),
        (14,'Christopher Taylor','christopher.taylor@email.com',2021,0,FALSE),
        (15,'Isabella Martinez','isabella.martinez@email.com',2021,0,FALSE),
        (16,'Andrew Jackson','andrew.jackson@email.com',2021,0,FALSE),
        (17,'Ava White','ava.white@email.com',2021,0,FALSE),
        (18,'William Harris','william.harris@email.com',2021,0,FALSE),
        (19,'Mia Thompson','mia.thompson@email.com',2021,0,FALSE),
        (20,'Ethan Clark','ethan.clark@email.com',2021,0,FALSE),
        (21,'Engjell','eabazaj21@epoka.edu.al',2021,75,FALSE),
        (22, 'Flaka Krasniqi', 'fkrasniqi22@epoka.edu.al', 2022, 0, False),
        (23, 'Blerim Dibra', 'bdibra22@epoka.edu.al', 2022, 0, False),
        (24, 'Elira Bajrami', 'ebajrami22@epoka.edu.al', 2022, 0, False),
        (25, 'Arian Shala', 'ashala22@epoka.edu.al', 2022, 50, False),
        (26, 'Elsa Berisha', 'eberisha22@epoka.edu.al', 2022, 0, False),
        (27, 'Edvin Xhaka', 'exhaka22@epoka.edu.al', 2022, 0, False),
        (28, 'Greta Lleshi', 'glleshi22@epoka.edu.al', 2022, 0, False),
        (29, 'Enis Kuka', 'ekuka22@epoka.edu.al', 2022, 0, False),
        (30, 'Jona Gjoka', 'jgjoka22@epoka.edu.al', 2022, 0, False),
        (31, 'Era Krasniqi', 'ekrasniqi22@epoka.edu.al', 2022, 0, False),
        (32, 'Lindi Dibra', 'ldibra22@epoka.edu.al', 2022, 0, False),
        (33, 'Enea Hoxha', 'ehoxha22@epoka.edu.al', 2022, 0, False),
        (34, 'Rina Gashi', 'rgashi22@epoka.edu.al', 2022, 0, False),
        (35, 'Edmond Xhaka', 'exhaka22@epoka.edu.al', 2022, 100, False),
        (36, 'Vesa Bajrami', 'vbajrami22@epoka.edu.al', 2022, 0, False),
        (37, 'Aldona Shala', 'ashala22@epoka.edu.al', 2022, 0, False),
        (38, 'Lum Bajrami', 'lbajrami22@epoka.edu.al', 2022, 75, False),
        (39, 'Eli Krasniqi', 'ekrasniqi22@epoka.edu.al', 2022, 0, False),
        (40, 'Loreta Gashi', 'lgashi22@epoka.edu.al', 2022, 0, False),
        (41, 'Endrit Dibra', 'edibra22@epoka.edu.al', 2022, 0, False),
        (42, 'Rina Shala', 'rshala22@epoka.edu.al', 2022, 0, False),
        (43, 'Enea Berisha', 'eberisha22@epoka.edu.al', 2022, 0, False),
        (44, 'Ardit Xhaka', 'axhaka22@epoka.edu.al', 2022, 0, False),
        (45, 'Besa Lleshi', 'blleshi22@epoka.edu.al', 2022, 0, False),
        (46, 'Diona Kuka', 'dkuka22@epoka.edu.al', 2022, 0, False),
        (47, 'Fation Gjoka', 'fgjoka22@epoka.edu.al', 2022, 0, False),
        (48, 'Klea Krasniqi', 'kkrasniqi22@epoka.edu.al', 2022, 0, False),
        (49, 'Elda Koliqi', 'ekoliqi22@epoka.edu.al', 2022, 0, False),
        (50, 'Rron Hoxha', 'rhoxha22@epoka.edu.al', 2022, 0, False);

INSERT INTO Faculties(FacultyID,FacultyName)
VALUES (1,'Atchitecture and Engineering'),
        (2,'Economics and Administrative SC'),
        (3,'Law and Social SC');

INSERT INTO Departments(DepartmentID, DepartmentName, FacultyID)
VALUES (1,'Civil Engineering',1),
    (2,'Architecture',1),
    (3,'Computer Engineering',1),
    (4,'Economics',2),
    (5,'Banking and Finance',2),
    (6,'Business Administration',2),
    (7,'Political Science and International Relations',3),
    (8,'Law',3),
    (9,'Center for European Studies',3);


INSERT INTO Programs(ProgramID, ProgramName, Tuition_Fee, DepartmentID)
VALUES (1,'Civil Engineering',3500,1),
    (2,'Architecture',3800,2),
    (3,'Computer Engineering',3500,3),
    (4,'Electronics and Digital Communication Engineering',3500,3),
    (5,'Software Engineering',4000,3),
    (6,'Economics',2500,4),
    (7,'Banking and Finance',2500,5),
    (8,'Banking and Finance(Albanian)',2500,5),
    (9,'Business Administration',2500,6),
    (10,'Business Informatics',3000,6),
    (11,'International Marketing and Logistics Management',2500,6),
    (12,'Political Science and International Relations',2500,7),
    (13,'Law',2800,8);

INSERT INTO Lecturers(LecturerID, LecturerName, Email, DepartmentID)
VALUES (1,'Nertil Mera','nmera@epoka.edu.al',5),
    (2,'Chrysanthi Balomenou','cbalomenou@epoka.edu.al',5),
    (3,'Fatbardha Morina','fmorina@epoka.edu.al',5),
    (4,'Armanda Tola','atola@epoka.edu.al',5),
    (5,'Albina Hysaj','ahysaj@epoka.edu.al',5),
    (6,'Elvira Meti','emeti@epoka.edu.al',5),
    (7,'Dafina Muda','dshehi@epoka.edu.al',5),
    (8,'Esmir Demaj','edemaj@epoka.edu.al',6),
    (9,'Osman Aras','oaras@epoka.edu.al',6),
    (10,'Alba Kruja','akruja@epoka.edu.al',6),
    (11,'Nargiza Alymkulova','nalymkulova@epoka.edu.al',6),
    (12,'Besjon Zenelaj','bzenelaj@epoka.edu.al',6),
    (13,'Aida Bitri','abitri@epoka.edu.al',6),
    (14,'Nurul Nurwulan','nnurwulan@epoka.edu.al',6),
    (15,'Saimir Mansaku','smansaku@epoka.edu.al',6),
    (16,'Sidorela Meta','smeta@epoka.edu.al',6),
    (17,'Mikaela Suslu','msuslu@epoka.edu.al',6),
    (18,'Ardita Dorti','adorti@epoka.edu.al',6),
    (19,'Egla Mansi','emansi@epoka.edu.al',6),
    (20,'Enesh Orazova','eorazova@epokaedu.al',6),
    (21,'Erinda Imeraj','eimeraj@epoka.edu.al',4),
    (22,'Gungor Turan','gturan@epoka.edu.al',4),
    (23,'Abdurrahman Isik','aisik@epoka.edu.al',4),
    (24,'Eglantina Hysa','ehysa@epoka.edu.al',4),
    (25,'Arjona Cela','acela@epoka.edu.al',4),
    (26,'Vasil Lino','vlino@epoka.edu.al',4),
    (27,'Jonida Balliu','jballiu@epoka.edu.al',4),
    (28,'Edmond Manahasa','emanahasa@epoka.edu.al',2),
    (29,'Odeta Manahasa','omanahasa@epoka.edu.al',2),
    (30,'Joena Dhiamandi','jdhiamandi@epoka.edu.al',2),
    (31,'Anna Yunitysna','ayunitsyna@epoka.edu.al',2),
    (32,'Fabio Naselli','fnaselli@epoka.edu.al',2),
    (33,'Ina Dervishi','idervishi@epoka.edu.al',2),
    (34,'Egin Zeka','ezeka@epoka.edu.al',2),
    (35, 'Artan Hysa', 'ahysa@epoka.edu.al', 2),
    (36, 'Desantila Hysa', 'dhysa@epoka.edu.al', 2),
    (37, 'Kreshnik Merxhani', 'kmerxhani@epoka.edu.al', 2),
    (38, 'Nerina Baci', 'nbaci@epoka.edu.al', 2),
    (39, 'Manjola Logli', 'mlogli@epoka.edu.al', 2),
    (40, 'Anisa Cenaj', 'acenaj@epoka.edu.al', 2),
    (41, 'Katjana Boriçi', 'kborici@epoka.edu.al', 2),
    (42, 'Mirjam Ndini', 'mndini@epoka.edu.al', 1),
    (43, 'Hüseyin Bilgin', 'hbilgin@epoka.edu.al', 1),
    (44, 'Begmyrat Kulmedov', 'bkulmedov', 1),
    (45, 'Julinda Keci', 'jkeci@epoka.edu.al', 1),
    (46, 'Armando Demaj', 'ademaj@epoka.edu.al', 1),
    (47, 'Marsed Leti', 'mleti@epoka.edu.al', 1),
    (48, 'Bredli Plaku', 'bplaku@epoka.edu.al', 1),
    (49, 'Arban Uka', 'auka@epoka.edu.al', 3),
    (50, 'Gëzim Karapici', 'gkarapici@epoka.edu.al', 3),
    (51, 'Bekir Karlik', 'bkarlik@epoka.edu.al', 3),
    (52, 'Betim Çiço', 'bcico@epoka.edu.al', 3),
    (53, 'Dimitrios A.Karras', 'dkarras@epoka.edu.al', 3),
    (54, 'Florenc Skuka', 'fskuka@epoka.edu.al', 3),
    (55, 'Shkëlqim Hajrulla', 'shhajrulla@epoka.edu.al', 3),
    (56, 'Valmir Bame', 'vbame@epoka.edu.al', 3),
    (57, 'Xhoena Duro', 'xpolisi@epoka.edu.al', 3),
    (58, 'Hashmet Durmishi', 'hdurmishi@epoka.edu.al', 3),
    (59, 'Sabrina Begaj', 'sbegaj@epoka.edu.al', 3),
    (60, 'Ari Gjerazi', 'agjerazi@epoka.edu.al', 3),
    (61, 'Igli Draçi', 'idraci@epoka.edu.al', 3),
    (62, 'Eriselda Goga', 'egoga@epoka.edu.al', 3),
    (63, 'Redjola Manaj', 'rmanaj@epoka.edu.al', 3),
    (64, 'Genti Rustemi', 'grustemi@epoka.edu.al', 3),
    (65, 'Stela Lila', 'slila@epoka.edu.al', 3),
    (66, 'Edlira Cani', 'edcani@epoka.edu.al', 3),
    (67, 'Jubjana Vila', 'jvila@epoka.edu.al', 9),
    (68, 'Mirela Alhasani', 'malhasani@epoka.edu.al', 9),
    (69, 'Avdi Smajljaj', 'asmajljaj@epoka.edu.al', 9),
    (70, 'Dea Haxhiu', 'dbashkurti@epoka.edu.al', 9),
    (71, 'Sümeyra Uyurca', 'suyurca@epoka.edu.al', 9),
    (72, 'Altin Bora', 'abora@epoka.edu.al', 9),
    (73, 'Endri Pajollari', 'epajollari@epoka.edu.al', 9),
    (74, 'Gentjan Skara', 'gskara@epoka.edu.al', 8),
    (75, 'Endri Papajorgji', 'epapajorgji@epoka.edu.al', 8),
    (76, 'Bojana Hajdini', 'bhajdini@epoka.edu.al', 8),
    (77, 'Heliona Miço', 'hmico@epoka.edu.al', 8),
    (78, 'Desara Dushi', 'ddushi@epoka.edu.al', 8),
    (79, 'Gelanda Shkurtaj', 'gshkurtaj@epoka.edu.al', 8),
    (80, 'Alba Gërdeci', 'agerdeci@epoka.edu.al', 8),
    (81, 'Eglantina Farruku', 'efarruku@epoka.edu.al', 8),
    (82, 'Najada Kiliç', 'nkilic@epoka.edu.al', 8),
    (83, 'Reina Shehi', 'rzenelaj@epoka.edu.al', 7),
    (84, 'Niuton Mulleti', 'nmulleti@epoka.edu.al', 7),
    (85, 'Sadullah Yilmaz', 'syilmaz@epoka.edu.al', 7),
    (86, 'Ada Cara', 'acara@epoka.edu.al', 7),
    (87, 'Naida Ertekin', 'nertekin@epoka.edu.al', 7),
    (88, 'Taqi Stojani', 'tstojani@epoka.edu.al', 7);

INSERT INTO ProgramYears(ProgramYearID,StartYear,EndYear,ProgramID,AdvisorID)
VALUES (1,2023,2026,10,13),
    (2,2022,2025,10,19),
    (3,2021,2024,10,13),
    (4,2023,2026,9,15),
    (5,2022,2025,9,15),
    (6,2021,2024,9,12),
    (7,2023,2026,11,12),
    (8,2022,2025,11,12),
    (9,2021,2024,11,12),
    (10,2023,2026,8,74),
    (11,2022,2025,8,76),
    (12,2021,2024,8,77),
    (13,2023,2026,7,84),
    (14,2022,2025,7,86),
    (15,2021,2024,7,87),
    (16,2023,2026,6,11),
    (17,2022,2025,6,8),
    (18,2021,2024,6,10),
    (19,2023,2026,5,54),
    (20,2022,2025,5,61),
    (21,2021,2024,5,61),
    (22,2023,2026,12,88),
    (23,2022,2025,12,88),
    (24,2021,2024,12,88);

INSERT INTO Semesters(SemesterID, SemesterName, ProgramYearID)
VALUES (1,'Fall',19),
    (2,'Spring',19),
    (3,'Fall',20),
    (4,'Spring',20),
    (5,'Fall',21),
    (6,'Spring',21),
    (7,'Fall',22),
    (8,'Spring',22),
    (9,'Fall',23),
    (10,'Spring',23),
    (11,'Fall',24),
    (12,'Spring',24),
    (13,'Fall',16),
    (14,'Spring',16),
    (15,'Fall',17),
    (16,'Spring',17),
    (17,'Fall',18),
    (18,'Spring',18);

INSERT INTO Courses(CourseID, Code, Name, ECTS, Credits, Type, SemesterID)
VALUES (1,'CEN105','Linear Algebra',5,3,'Compulsory',1),
    (2, 'CEN109', 'Introduction to Algorithms & Programming', 7, 4, 'Compulsory', 1),
    (3, 'ENG103', 'Development of Reading and Writing Skills in English I', 4, 3, 'Compulsory', 1),
    (4, 'MTH101', 'Calculus I', 7, 4, 'Compulsory', 1),
    (5, 'PHY101', 'General Physics I', 7, 4, 'Compulsory', 1),
    (6, 'CEN110', 'C Programming', 7, 4, 'Compulsory', 2),
    (7, 'ENG104', 'Development of Reading and Writing Skills in English II', 4, 3, 'Compulsory', 2),
    (8, 'MTH102', 'Calculus II', 7, 4, 'Compulsory', 2),
    (9, 'MTH106', 'Discrete Mathematics', 5, 3, 'Compulsory', 2),
    (10, 'SWE101', 'Introduction to Software Engineering', 7, 4, 'Compulsory', 2),
    (11, 'CEN203', 'Database Management Systems', 7, 4, 'Compulsory', 3),
    (12, 'CEN215', 'Object Oriented Programming', 7, 4, 'Compulsory', 3),
    (13, 'CEN219', 'Computer Organization', 6, 3, 'Compulsory', 3),
    (14, 'MTH207', 'Fundamentals of Probability', 6, 3, 'Compulsory', 3),
    (15, 'BUS103', 'Introduction to Business', 4, 3, 'Elective', 3),
    (16, 'BUS114', 'Communication Skills', 4, 3, 'Elective', 3),
    (17, 'LAW105', 'Introduction to Law', 5, 3, 'Elective', 3),
    (18, 'CEN206', 'Data Structures', 7, 4, 'Compulsory', 4),
    (19, 'CEN311', 'Web Technologies and Programming', 6, 3, 'Compulsory', 4),
    (20, 'SWE202', 'Software Modeling and Design', 6, 3, 'Compulsory', 4),
    (21, 'SWE211', 'Programming Language Paradigms', 7, 4, 'Compulsory', 4),
    (22, 'BUS103', 'Introduction to Business', 4, 3, 'Elective', 4),
    (23, 'BUS114', 'Communication Skills', 4, 3, 'Elective', 4),
    (24, 'LAW105', 'Introduction to Law', 5, 3, 'Elective', 4),
    (25, 'CEN307', 'Computer Networks', 6, 4, 'Compulsory', 5),
    (26, 'CEN309', 'Analysis of Algorithms', 6, 3, 'Compulsory', 5),
    (27, 'CEN376', 'Data Mining', 6, 3, 'Compulsory', 5),
    (28, 'SWE303', 'Software Testing and Quality Assurance', 6, 3, 'Compulsory', 5),
    (29, 'CEN326', 'Fundamentals of System Administration', 6, 3, 'Elective', 5),
    (30, 'CEN328', 'Programming Languages I', 6, 3, 'Elective', 5),
    (31, 'CEN336', 'Computer Graphics', 6, 3, 'Elective', 5),
    (32, 'CEN338', 'Management Information Systems', 6, 3, 'Elective', 5),
    (33, 'CEN340', 'Smartphone Applications', 6, 3, 'Elective', 5),
    (34, 'CEN342', 'User Interface Design', 6, 3, 'Elective', 5),
    (35, 'CEN351', 'Multimedia and Graphic Design', 6, 3, 'Elective', 5),
    (36, 'CEN352', 'Artificial Intelligence', 6, 3, 'Elective', 5),
    (37, 'CEN366', 'Digital Data Communication', 6, 3, 'Elective', 5),
    (38, 'CEN389', 'Embedded Systems', 6, 3, 'Elective', 5),
    (39, 'CEN308', 'Operating Systems', 6, 4, 'Compulsory', 6),
    (40, 'CEN390', 'Graduation Project / Final Exam', 6, 3, 'Compulsory', 6),
    (41, 'SWE302', 'Software Project Management', 6, 3, 'Compulsory', 6),
    (42, 'CEN326', 'Fundamentals of System Administration', 6, 3, 'Elective', 6),
    (43, 'CEN328', 'Programming Languages I', 6, 3, 'Elective', 6),
    (44, 'CEN336', 'Computer Graphics', 6, 3, 'Elective', 6),
    (45, 'CEN338', 'Management Information Systems', 6, 3, 'Elective', 6),
    (46, 'CEN340', 'Smartphone Applications', 6, 3, 'Elective', 6),
    (47, 'CEN342', 'User Interface Design', 6, 3, 'Elective', 6),
    (48, 'CEN351', 'Multimedia and Graphic Design', 6, 3, 'Elective', 6),
    (49, 'CEN352', 'Artificial Intelligence', 6, 3, 'Elective', 6),
    (50, 'CEN366', 'Digital Data Communication', 6, 3, 'Elective', 6),
    (51, 'CEN389', 'Embedded Systems', 6, 3, 'Elective', 6);
    (52, 'BUS 101', 'Math. For Economics And Business I', 5, 4, 'Compulsory', 13),
    (53, 'BUS 103', 'Introduction To Business', 5, 3, 'Compulsory', 13),
    (54, 'BUS 107', 'Essentials Of Organizational Behavior', 5, 3, 'Compulsory', 13),
    (55, 'ECO 101', 'Introduction To Economics I', 5, 3, 'Compulsory', 13),
    (56, 'LAW 105', 'Introduction To Law', 5, 3, 'Compulsory', 13),
    (57, 'ENG109', 'Development of Reading and Writing Skills ', 4, 3, 'Compulsory', 13),
    (58, 'BUS 102', 'Math. For Economics And Business II', 5, 4, 'Compulsory', 14),
    (59, 'BUS 112', 'Management And Organization', 5, 3, 'Compulsory', 14),
    (60, 'BUS 132', 'Introduction To Accounting', 5, 3, 'Compulsory', 14),
    (61, 'ECO 102', 'Introduction To Economics II', 5, 3, 'Compulsory', 14),
    (62, 'ECO 114', 'Introduction To Research Methods', 5, 3, 'Compulsory', 14),
    (63, 'ENG109', 'Development of Reading and Writing Skills ', 4, 3, 'Compulsory', 14),
    (64, 'BUS 201', 'Statistics I', 4, 4, 'Compulsory', 15),
    (65, 'ECO 201', 'Microeconomics I', 4, 4, 'Compulsory', 15),
    (66, 'ECO 203', 'Macroeconomics I', 3, 4, 'Compulsory', 15),
    (67, 'LAW 203', 'Business Law', 3, 4, 'Compulsory', 15),
    (68, 'BAF233', 'Fundamentals Of Corporate Finance', 3, 5, 'Elective', 15),
    (69, 'BUS221', 'Marketing I', 3, 5, 'Elective', 15),
    (70, 'BUS231', 'Financial Accounting I', 4, 5, 'Elective', 15),
    (71, 'FL201', 'Turkish I', 3, 5, 'Elective', 15),
    (72, 'FL203', 'German I', 3, 5, 'Elective', 15),
    (73, 'FL205', 'Italian I', 3, 5, 'Elective', 15),
    (74, 'FL207', 'French I', 3, 5, 'Elective', 15),
    (75, 'PIR201', 'Research Methods In Social Sciences', 3, 5, 'Elective', 15),
    (76, 'PIR261', 'Government, Politics And Public Policy In Albania', 3, 5, 'Elective', 15),
    (77, 'BUS202', 'Statistics II', 4, 5, 'Compulsory', 16),
    (78, 'ECO202', 'Microeconomics II', 4, 5, 'Compulsory', 16),
    (79, 'ECO204', 'Macroeconomics II', 3, 5, 'Compulsory', 16),
    (80, 'ECO252', 'Labor Economics', 3, 5, 'Compulsory', 16),
    (81, 'BAF222', 'Public Finance', 3, 5, 'Elective', 16),
    (82, 'BAF234', 'Financial Management', 3, 5, 'Elective', 16),
    (83, 'BUS222', 'Marketing II', 3, 5, 'Elective', 16),
    (84, 'BUS226', 'Management Information Systems', 3, 5, 'Elective', 16),
    (85, 'BUS232', 'Financial Accounting II', 4, 5, 'Elective', 16),
    (86, 'FL202', 'Turkish II', 3, 5, 'Elective', 16),
    (87, 'FL204', 'German II', 3, 5, 'Elective', 16),
    (88, 'FL206', 'Italian II', 3, 5, 'Elective', 16),
    (89, 'FL208', 'French II', 3, 5, 'Elective', 16),
    (90, 'ECO309', 'Professional Practice', 3, 5, 'Compulsory', 17),
    (91, 'ECO311', 'Econometrics I', 4, 5, 'Compulsory', 17),
    (92, 'ECO321', 'International Economics I', 3, 5, 'Compulsory', 17),
    (93, 'ECO331', 'Monetary Theory And Policy I', 4, 5, 'Compulsory', 17),
    (94, 'BAF321', 'Financial Institutions And Markets', 3, 5, 'Elective', 17),
    (95, 'BAF331', 'Banking Operations And Services', 3, 5, 'Elective', 17),
    (96, 'BUS321', 'Operations Management', 4, 5, 'Elective', 17),
    (97, 'BUS323', 'E-Marketing', 3, 5, 'Elective', 17),
    (98, 'BUS325', 'Social Media Marketing', 3, 5, 'Elective', 17),
    (99, 'BUS331', 'Cost Accounting', 4, 5, 'Elective', 17),
    (100, 'BUS335', 'Human Resource Management', 3, 5, 'Elective', 17),
    (101, 'BUS337', 'Total Quality Management', 3, 5, 'Elective', 17),
    (102, 'BUS351', 'Consumer Behavior', 3, 5, 'Elective', 17),
    (103, 'BUS353', 'Marketing Research', 4, 5, 'Elective', 17),
    (104, 'BUS359', 'Supply Chain Management', 3, 5, 'Elective', 17),
    (105, 'ECO313', 'History Of Economic Thought', 3, 5, 'Elective', 17),
    (106, 'ECO343', 'Economics Of Innovation', 3, 5, 'Elective', 17),
    (107, 'ECO322', 'International Economics II', 3, 6, 'Compulsory', 18),
    (108, 'ECO332', 'Monetary Theory And Policy II', 3, 6, 'Compulsory', 18),
    (109, 'ECO302', 'Graduation Project', 5, 6, 'Compulsory', 18),
    (110, 'ECO304', 'Final Comprehensive Exam', 5, 6, 'Compulsory', 18),
    (111, 'BAF312', 'Management of Financial Institutions', 3, 6, 'Elective', 18),
    (112, 'BAF314', 'Quantitative Techniques in Finance', 3, 6, 'Elective', 18),
    (113, 'BAF322', 'Loan Management and Credit Analysis', 3, 6, 'Elective', 18),
    (114, 'BAF336', 'Bank Accounting and Reporting', 3, 6, 'Elective', 18),
    (115, 'BAF338', 'Capital Markets Law', 3, 6, 'Elective', 18),
    (116, 'BUS324', 'Operations Research', 4, 6, 'Elective', 18),
    (117, 'BUS336', 'Managerial Accounting', 3, 6, 'Elective', 18),
    (118, 'BUS348', 'Customer Relationship Management', 3, 6, 'Elective', 18),
    (119, 'BUS352', 'International Marketing and Enterprises', 3, 6, 'Elective', 18),
    (120, 'BUS354', 'Branding and Brand Management', 3, 6, 'Elective', 18),
    (121, 'BUS356', 'Strategic Logistic Management', 3, 6, 'Elective', 18),
    (122, 'BUS358', 'Knowledge Management', 3, 6, 'Elective', 18),
    (123, 'ECO312', 'Econometrics II', 4, 6, 'Elective', 18),
    (124, 'ECO334', 'Game Theory', 3, 6, 'Elective', 18),
    (125, 'ECO342', 'Fiscal Policy', 3, 6, 'Elective', 18),
    (126, 'ECO346', 'Natural Resources and Environment Economics', 3, 6, 'Elective', 18),
    (127, 'PIR336', 'Crisis Analysis and Management', 3, 6, 'Elective', 18),
    (128, 'BAF101', 'Introduction to Economics', 3, 5, 'Compulsory', 7),
    (129, 'ENG109', 'Developing Reading and Writing Skills', 4, 5, 'Compulsory', 7),
    (130, 'LAW105', 'Introduction to Law', 3, 5, 'Compulsory', 7),
    (131, 'PIR103', 'Introduction to Political Sociology', 3, 5, 'Compulsory', 7),
    (132, 'PIR111', 'Introduction to Political Science', 4, 5, 'Compulsory', 7),
    (133, 'PIR133', 'Political and Diplomatic History', 3, 5, 'Compulsory', 7),
    (134, 'ENG106', 'Advanced English', 4, 5, 'Compulsory', 8),
    (135, 'LAW116', 'Constitutional Law', 3, 5, 'Compulsory', 8),
    (136, 'PIR116', 'Key Themes in Political Thought', 3, 5, 'Compulsory', 8),
    (137, 'PIR122', 'Politics and History of Balkans', 4, 5, 'Compulsory', 8),
    (138, 'PIR124', 'Comparative Politics', 3, 5, 'Compulsory', 8),
    (139, 'PIR130', 'International Relations: Theories, Concepts and Debates', 4, 5, 'Compulsory', 8),
    (140, 'PIR201', 'Research Methods in Social Sciences', 4, 5, 'Compulsory', 9),
    (141, 'PIR203', 'Politics and Institutions in the EU', 4, 5, 'Compulsory', 9),
    (142, 'PIR225', 'International Organizations', 3, 5, 'Compulsory', 9),
    (143, 'PIR227', 'Diplomatic Correspondence', 3, 5, 'Compulsory', 9),
    (144, 'PIR271', 'Government and Politics in Albania', 3, 5, 'Compulsory', 9),
    (145, 'PIR241', 'Turkish I', 3, 5, 'Elective', 9),
    (146, 'PIR243', 'German I', 3, 5, 'Elective', 9),
    (147, 'PIR245', 'Italian I', 3, 5, 'Elective', 9),
    (148, 'PIR247', 'French I', 3, 5, 'Elective', 9),
    (149, 'PIR202', 'Modern Political Thought', 4, 5, 'Compulsory', 10),
    (150, 'PIR206', 'Parties, Elections and Policy Making', 3, 5, 'Compulsory', 10),
    (151, 'PIR208', 'Political Psychology', 3, 5, 'Compulsory', 10),
    (152, 'PIR212', 'Information, Technology and Political Power', 4, 5, 'Compulsory', 10),
    (153, 'PIR220', 'Democracy and Democratization', 4, 5, 'Compulsory', 10),
    (154, 'PIR242', 'Turkish II', 3, 5, 'Elective', 10),
    (155, 'PIR244', 'German II', 3, 5, 'Elective', 10),
    (156, 'PIR246', 'Italian II', 3, 5, 'Elective', 10),
    (157, 'PIR248', 'French II', 3, 5, 'Elective', 10),
    (158, 'PIR309', 'Professional Practice', 3, 5, 'Compulsory', 11),
    (159, 'PIR333', 'Foreign Policy Analysis', 4, 5, 'Compulsory', 11),
    (160, 'PIR351', 'Politics of Human Rights', 4, 5, 'Compulsory', 11),
    (161, 'PIR361', 'Public Policy Making and Analysis', 3, 5, 'Compulsory', 11),
    (162, 'BUS335', 'Human Resource Management', 3, 5, 'Elective', 11),
    (163, 'PIR303', 'Political Leadership', 3, 5, 'Elective', 11),
    (164, 'PIR305', 'Environmental Politics', 3, 5, 'Elective', 11),
    (165, 'PIR317', 'Politics of Inequality', 3, 5, 'Elective', 11),
    (166, 'PIR337', 'Regional Development and Governance', 3, 5, 'Elective', 11),
    (167, 'PIR339', 'Political Communication', 3, 5, 'Elective', 11),
    (168, 'PIR341', 'EU Law', 3, 5, 'Elective', 11),
    (169, 'PIR300', 'Graduation Thesis', 5, 6, 'Compulsory', 12),
    (170, 'PIR316', 'Final Comprehensive Exam', 5, 6, 'Compulsory', 12),
    (171, 'PIR330', 'International Security', 4, 6, 'Compulsory', 12),
    (172, 'PIR362', 'Public Administration in Democratic States', 4, 6, 'Compulsory', 12),
    (173, 'LAW304', 'Public International Law', 3, 6, 'Elective', 12),
    (174, 'PIR310', 'Political Behavior', 3, 6, 'Elective', 12),
    (175, 'PIR336', 'Crisis Analysis and Management', 3, 6, 'Elective', 12),
    (176, 'PIR340', 'Global Governance', 3, 6, 'Elective', 12),
    (177, 'PIR342', 'International Terrorism & Threat Perception', 3, 6, 'Elective', 12),
    (178, 'PIR366', 'State and Local Government', 3, 6, 'Elective', 12),
    (179, 'PIR368', 'Populism', 3, 6, 'Elective', 12),
    (180, 'PIR370', 'History of European Integration', 3, 6, 'Elective', 12);
INSERT INTO Classes(ClassID, ClassName, CourseID)
VALUES
(1, 'A', 1),
(2, 'B', 1),
(3, 'A', 2),
(4, 'B', 2),
(5, 'A', 3),
(6, 'B', 3),
(7, 'A', 4),
(8, 'B', 4),
(9, 'A', 5),
(10, 'B', 5),
(11, 'A', 6),
(12, 'B', 6),
(13, 'A', 7),
(14, 'B', 7),
(15, 'A', 8),
(16, 'B', 8),
(17, 'A', 9),
(18, 'B', 9),
(19, 'A', 10),
(20, 'B', 10),
(21, 'A', 11),
(22, 'B', 11),
(23, 'A', 12),
(24, 'B', 12),
(25, 'A', 13),
(26, 'B', 13),
(27, 'A', 14),
(28, 'B', 14),
(29, 'A', 15),
(30, 'B', 15),
(31, 'A', 16),
(32, 'B', 16),
(33, 'A', 17),
(34, 'B', 17),
(35, 'A', 18),
(36, 'B', 18),
(37, 'A', 19),
(38, 'B', 19),
(39, 'A', 20),
(40, 'B', 20),
(41, 'A', 21),
(42, 'B', 21),
(43, 'A', 22),
(44, 'B', 22),
(45, 'A', 23),
(46, 'B', 23),
(47, 'A', 24),
(48, 'B', 24),
(49, 'A', 25),
(50, 'B', 25),
(51, 'A', 26),
(52, 'B', 26),
(53, 'A', 27),
(54, 'B', 27),
(55, 'A', 28),
(56, 'B', 28),
(57, 'A', 29),
(58, 'B', 29),
(59, 'A', 30),
(60, 'B', 30),
(61, 'A', 31),
(62, 'B', 31),
(63, 'A', 32),
(64, 'B', 32),
(65, 'A', 33),
(66, 'B', 33),
(67, 'A', 34),
(68, 'B', 34),
(69, 'A', 35),
(70, 'B', 35),
(71, 'A', 36),
(72, 'B', 36),
(73, 'A', 37),
(74, 'B', 37),
(75, 'A', 38),
(76, 'B', 38),
(77, 'A', 39),
(78, 'B', 39),
(79, 'A', 40),
(80, 'B', 40),
(81, 'A', 41),
(82, 'B', 41),
(83, 'A', 42),
(84, 'B', 42),
(85, 'A', 43),
(86, 'B', 43),
(87, 'A', 44),
(88, 'B', 44),
(89, 'A', 45),
(90, 'B', 45),
(91, 'A', 46),
(92, 'B', 46),
(93, 'A', 47),
(94, 'B', 47),
(95, 'A', 48),
(96, 'B', 48),
(97, 'A', 49),
(98, 'B', 49),
(99, 'A', 50),
(100, 'B', 50),
(101, 'A', 51),
(102, 'B', 51),
(103, 'A', 52),
(104, 'B', 52),
(105, 'A', 53),
(106, 'B', 53),
(107, 'A', 54),
(108, 'B', 54),
(109, 'A', 55),
(110, 'B', 55),
(111, 'A', 56),
(112, 'B', 56),
(113, 'A', 57),
(114, 'B', 57),
(115, 'A', 58),
(116, 'B', 58),
(117, 'A', 59),
(118, 'B', 59),
(119, 'A', 60),
(120, 'B', 60),
(121, 'A', 61),
(122, 'B', 61),
(123, 'A', 62),
(124, 'B', 62),
(125, 'A', 63),
(126, 'B', 63),
(127, 'A', 64),
(128, 'B', 64),
(129, 'A', 65),
(130, 'B', 65),
(131, 'A', 66),
(132, 'B', 66),
(133, 'A', 67),
(134, 'B', 67),
(135, 'A', 68),
(136, 'B', 68),
(137, 'A', 69),
(138, 'B', 69),
(139, 'A', 70),
(140, 'B', 70),
(141, 'A', 71),
(142, 'B', 71),
(143, 'A', 72),
(144, 'B', 72),
(145, 'A', 73),
(146, 'B', 73),
(147, 'A', 74),
(148, 'B', 74),
(149, 'A', 75),
(150, 'B', 75),
(151, 'A', 76),
(152, 'B', 76),
(153, 'A', 77),
(154, 'B', 77),
(155, 'A', 78),
(156, 'B', 78),
(157, 'A', 79),
(158, 'B', 79),
(159, 'A', 80),
(160, 'B', 80),
(161, 'A', 81),
(162, 'B', 81),
(163, 'A', 82),
(164, 'B', 82),
(165, 'A', 83),
(166, 'B', 83),
(167, 'A', 84),
(168, 'B', 84),
(169, 'A', 85),
(170, 'B', 85),
(171, 'A', 86),
(172, 'B', 86),
(173, 'A', 87),
(174, 'B', 87),
(175, 'A', 88),
(176, 'B', 88),
(177, 'A', 89),
(178, 'B', 89),
(179, 'A', 90),
(180, 'B', 90),
(181, 'A', 91),
(182, 'B', 91),
(183, 'A', 92),
(184, 'B', 92),
(185, 'A', 93),
(186, 'B', 93),
(187, 'A', 94),
(188, 'B', 94),
(189, 'A', 95),
(190, 'B', 95),
(191, 'A', 96),
(192, 'B', 96),
(193, 'A', 97),
(194, 'B', 97),
(195, 'A', 98),
(196, 'B', 98),
(197, 'A', 99),
(198, 'B', 99),
(199, 'A', 100),
(200, 'B', 100),
(201, 'A', 101),
(202, 'B', 101),
(203, 'A', 102),
(204, 'B', 102),
(205, 'A', 103),
(206, 'B', 103),
(207, 'A', 104),
(208, 'B', 104),
(209, 'A', 105),
(210, 'B', 105),
(211, 'A', 106),
(212, 'B', 106),
(213, 'A', 107),
(214, 'B', 107),
(215, 'A', 108),
(216, 'B', 108),
(217, 'A', 109),
(218, 'B', 109),
(219, 'A', 110),
(220, 'B', 110),
(221, 'A', 111),
(222, 'B', 111),
(223, 'A', 112),
(224, 'B', 112),
(225, 'A', 113),
(226, 'B', 113),
(227, 'A', 114),
(228, 'B', 114),
(229, 'A', 115),
(230, 'B', 115),
(231, 'A', 116),
(232, 'B', 116),
(233, 'A', 117),
(234, 'B', 117),
(235, 'A', 118),
(236, 'B', 118),
(237, 'A', 119),
(238, 'B', 119),
(239, 'A', 120),
(240, 'B', 120),
(241, 'A', 121),
(242, 'B', 121),
(243, 'A', 122),
(244, 'B', 122),
(245, 'A', 123),
(246, 'B', 123),
(247, 'A', 124),
(248, 'B', 124),
(249, 'A', 125),
(250, 'B', 125),
(251, 'A', 126),
(252, 'B', 126),
(253, 'A', 127),
(254, 'B', 127),
(255, 'A', 128),
(256, 'B', 128),
(257, 'A', 129),
(258, 'B', 129),
(259, 'A', 130),
(260, 'B', 130),
(261, 'A', 131),
(262, 'B', 131),
(263, 'A', 132),
(264, 'B', 132),
(265, 'A', 133),
(266, 'B', 133),
(267, 'A', 134),
(268, 'B', 134),
(269, 'A', 135),
(270, 'B', 135),
(271, 'A', 136),
(272, 'B', 136),
(273, 'A', 137),
(274, 'B', 137),
(275, 'A', 138),
(276, 'B', 138),
(277, 'A', 139),
(278, 'B', 139),
(279, 'A', 140),
(280, 'B', 140),
(281, 'A', 141),
(282, 'B', 141),
(283, 'A', 142),
(284, 'B', 142),
(285, 'A', 143),
(286, 'B', 143),
(287, 'A', 144),
(288, 'B', 144),
(289, 'A', 145),
(290, 'B', 145),
(291, 'A', 146),
(292, 'B', 146),
(293, 'A', 147),
(294, 'B', 147),
(295, 'A', 148),
(296, 'B', 148),
(297, 'A', 149),
(298, 'B', 149),
(299, 'A', 150),
(300, 'B', 150),
(301, 'A', 151),
(302, 'B', 151),
(303, 'A', 152),
(304, 'B', 152),
(305, 'A', 153),
(306, 'B', 153),
(307, 'A', 154),
(308, 'B', 154),
(309, 'A', 155),
(310, 'B', 155),
(311, 'A', 156),
(312, 'B', 156),
(313, 'A', 157),
(314, 'B', 157),
(315, 'A', 158),
(316, 'B', 158),
(317, 'A', 159),
(318, 'B', 159),
(319, 'A', 160),
(320, 'B', 160),
(321, 'A', 161),
(322, 'B', 161),
(323, 'A', 162),
(324, 'B', 162),
(325, 'A', 163),
(326, 'B', 163),
(327, 'A', 164),
(328, 'B', 164),
(329, 'A', 165),
(330, 'B', 165),
(331, 'A', 166),
(332, 'B', 166),
(333, 'A', 167),
(334, 'B', 167),
(335, 'A', 168),
(336, 'B', 168),
(337, 'A', 169),
(338, 'B', 169),
(339, 'A', 170),
(340, 'B', 170),
(341, 'A', 171),
(342, 'B', 171),
(343, 'A', 172),
(344, 'B', 172),
(345, 'A', 173),
(346, 'B', 173),
(347, 'A', 174),
(348, 'B', 174),
(349, 'A', 175),
(350, 'B', 175),
(351, 'A', 176),
(352, 'B', 176),
(353, 'A', 177),
(354, 'B', 177),
(355, 'A', 178),
(356, 'B', 178),
(357, 'A', 179),
(358, 'B', 179),
(359, 'A', 180),
(360, 'B', 180);

INSERT INTO ProgramEnrollment(EnrollementID,StudentID,ProgramYearID)
VALUES (1,1,20),
        (2,2,20),
        (3,3,20),
        (4,4,20),
        (5,5,20),
        (6,21,20),
        (7,25,21),
        (8,26,19),

        (9,22,17),
        (10,18,17),
        (11,16,17),
        (12,10,18),
        (13,23,16),

        (14,29,23),
        (15,33,23),
        (16,35,23),
        (17,37,22),
        (18,38,24);

INSERT INTO CourseSelection(CourseSelectionID, ClassID, StudentID)
VALUES (1,21,1),
    (2,21,2),
    (3,21,3),
    (4,22,4),
    (5,22,5),
    (6,22,21),
    (7,23,1),
    (8,23,2),
    (9,23,3),
    (10,24,4),
    (11,24,5),
    (12,24,21),
    (13,25,1),
    (14,25,2),
    (15,25,3),
    (16,26,4),
    (17,26,5),
    (18,26,21),
    (19,27,1),
    (20,27,2),
    (21,27,3),
    (22,28,4),
    (23,28,5),
    (24,28,21),
    (25,29,1),
    (26,29,2),
    (27,29,3),
    (28,29,4),
    (29,29,5),
    (30,29,21);

INSERT INTO LecturerClass(LecturerClassID,ClassID,LecturerID)
VALUES(1,21,60),
    (2,22,60),
    (3,23,61),
    (4,24,59),
    (5,24,61),
    (6,25,59),
    (7,26,59),
    (8,27,63),
    (9,28,63),
    (10,27,62),
    (11,28,62),
    (12,29,27),
    (13,30,27);

INSERT INTO InterimGrades(GradeID,StudentID,CourseID , Type, Percentage, Val)
VALUES
(1,1,11,'final',45,53),
(2,1,11,'midterm',25,85),
(3,1,11,'assigments',10,80),
(4,1,11,'quiz',20,98),
(5,1,12,'final',45,40),
(6,1,12,'midterm',25,94),
(7,1,12,'assigments',10,62),
(8,1,12,'quiz',20,95),
(9,1,13,'final',45,78),
(10,1,13,'midterm',25,10),
(11,1,13,'assigments',10,5),
(12,1,13,'quiz',20,73),
(13,1,14,'final',45,82),
(14,1,14,'midterm',25,18),
(15,1,14,'assigments',10,31),
(16,1,14,'quiz',20,80),
(17,1,15,'final',45,66),
(18,1,15,'midterm',25,73),
(19,1,15,'assigments',10,40),
(20,1,15,'quiz',20,36),
(21,2,11,'final',45,48),
(22,2,11,'midterm',25,76),
(23,2,11,'assigments',10,15),
(24,2,11,'quiz',20,57),
(25,2,12,'final',45,91),
(26,2,12,'midterm',25,90),
(27,2,12,'assigments',10,24),
(28,2,12,'quiz',20,90),
(29,2,13,'final',45,1),
(30,2,13,'midterm',25,99),
(31,2,13,'assigments',10,22),
(32,2,13,'quiz',20,48),
(33,2,14,'final',45,1),
(34,2,14,'midterm',25,82),
(35,2,14,'assigments',10,71),
(36,2,14,'quiz',20,49),
(37,2,15,'final',45,68),
(38,2,15,'midterm',25,90),
(39,2,15,'assigments',10,44),
(40,2,15,'quiz',20,92),
(41,3,11,'final',45,53),
(42,3,11,'midterm',25,64),
(43,3,11,'assigments',10,10),
(44,3,11,'quiz',20,25),
(45,3,12,'final',45,83),
(46,3,12,'midterm',25,65),
(47,3,12,'assigments',10,76),
(48,3,12,'quiz',20,100),
(49,3,13,'final',45,36),
(50,3,13,'midterm',25,76),
(51,3,13,'assigments',10,43),
(52,3,13,'quiz',20,28),
(53,3,14,'final',45,8),
(54,3,14,'midterm',25,78),
(55,3,14,'assigments',10,19),
(56,3,14,'quiz',20,88),
(57,3,15,'final',45,43),
(58,3,15,'midterm',25,96),
(59,3,15,'assigments',10,5),
(60,3,15,'quiz',20,5),
(61,4,11,'final',45,31),
(62,4,11,'midterm',25,1),
(63,4,11,'assigments',10,75),
(64,4,11,'quiz',20,40),
(65,4,12,'final',45,82),
(66,4,12,'midterm',25,69),
(67,4,12,'assigments',10,46),
(68,4,12,'quiz',20,65),
(69,4,13,'final',45,55),
(70,4,13,'midterm',25,56),
(71,4,13,'assigments',10,19),
(72,4,13,'quiz',20,67),
(73,4,14,'final',45,97),
(74,4,14,'midterm',25,43),
(75,4,14,'assigments',10,34),
(76,4,14,'quiz',20,4),
(77,4,15,'final',45,23),
(78,4,15,'midterm',25,52),
(79,4,15,'assigments',10,92),
(80,4,15,'quiz',20,85),
(81,5,11,'final',45,16),
(82,5,11,'midterm',25,4),
(83,5,11,'assigments',10,22),
(84,5,11,'quiz',20,11),
(85,5,12,'final',45,92),
(86,5,12,'midterm',25,62),
(87,5,12,'assigments',10,2),
(88,5,12,'quiz',20,93),
(89,5,13,'final',45,52),
(90,5,13,'midterm',25,80),
(91,5,13,'assigments',10,67),
(92,5,13,'quiz',20,77),
(93,5,14,'final',45,17),
(94,5,14,'midterm',25,70),
(95,5,14,'assigments',10,9),
(96,5,14,'quiz',20,16),
(97,5,15,'final',45,85),
(98,5,15,'midterm',25,93),
(99,5,15,'assigments',10,35),
(100,5,15,'quiz',20,91),
(101,21,11,'final',45,93),
(102,21,11,'midterm',25,65),
(103,21,11,'assigments',10,67),
(104,21,11,'quiz',20,66),
(105,21,12,'final',45,32),
(106,21,12,'midterm',25,0),
(107,21,12,'assigments',10,40),
(108,21,12,'quiz',20,87),
(109,21,13,'final',45,16),
(110,21,13,'midterm',25,98),
(111,21,13,'assigments',10,7),
(112,21,13,'quiz',20,16),
(113,21,14,'final',45,77),
(114,21,14,'midterm',25,52),
(115,21,14,'assigments',10,73),
(116,21,14,'quiz',20,6),
(117,21,15,'final',45,63),
(118,21,15,'midterm',25,50),
(119,21,15,'assigments',10,73),
(120,21,15,'quiz',20,85);

INSERT INTO FinalGrade(FinalGrade,StudentID,CourseID , Val)
VALUES
(1,1,11,72.7),
(2,1,12,66.7),
(3,1,13,52.7),
(4,1,14,60.5),
(5,1,15,59.15),
(6,2,11,53.5),
(7,2,12,83.85),
(8,2,13,37.0),
(9,2,14,37.85),
(10,2,15,75.9),
(11,3,11,45.85),
(12,3,12,81.2),
(13,3,13,45.1),
(14,3,14,42.6),
(15,3,15,44.85),
(16,4,11,29.7),
(17,4,12,71.75),
(18,4,13,54.05),
(19,4,14,58.6),
(20,4,15,49.55),
(21,5,11,12.6),
(22,5,12,75.7),
(23,5,13,65.5),
(24,5,14,29.25),
(25,5,15,83.2),
(26,21,11,78.0),
(27,21,12,35.8),
(28,21,13,35.6),
(29,21,14,56.15),
(30,21,15,65.15);

INSERT INTO Attendence(AttendanceID,StudentID,CourseID , total, attended)
VALUES
(1,1,11,2,2),
(2,1,11,2,2),
(3,2,11,2,2),
(4,2,11,2,0),
(5,3,11,2,2),
(6,3,11,2,2),
(7,4,11,2,1),
(8,4,11,2,2),
(9,5,11,2,2),
(10,5,11,2,0),
(11,21,11,2,0),
(12,21,11,2,1),
(13,1,12,2,0),
(14,1,12,3,2),
(15,2,12,2,0),
(16,2,12,3,0),
(17,3,12,2,1),
(18,3,12,3,3),
(19,4,12,2,0),
(20,4,12,3,2),
(21,5,12,2,0),
(22,5,12,3,2),
(23,21,12,2,1),
(24,21,12,3,0),
(25,1,13,2,2),
(26,1,13,2,2),
(27,2,13,2,1),
(28,2,13,2,1),
(29,3,13,2,0),
(30,3,13,2,1),
(31,4,13,2,0),
(32,4,13,2,0),
(33,5,13,2,1),
(34,5,13,2,0),
(35,21,13,2,1),
(36,21,13,2,1),
(37,1,14,2,0),
(38,1,14,2,1),
(39,2,14,2,1),
(40,2,14,2,1),
(41,3,14,2,2),
(42,3,14,2,0),
(43,4,14,2,1),
(44,4,14,2,1),
(45,5,14,2,0),
(46,5,14,2,2),
(47,21,14,2,1),
(48,21,14,2,0),
(49,1,15,3,2),
(50,2,15,3,3),
(51,3,15,3,2),
(52,4,15,3,3),
(53,5,15,3,2),
(54,21,15,3,2),
(55,1,11,2,0),
(56,1,11,2,2),
(57,2,11,2,0),
(58,2,11,2,2),
(59,3,11,2,0),
(60,3,11,2,0),
(61,4,11,2,1),
(62,4,11,2,1),
(63,5,11,2,2),
(64,5,11,2,2),
(65,21,11,2,0),
(66,21,11,2,1),
(67,1,12,2,0),
(68,1,12,3,2),
(69,2,12,2,0),
(70,2,12,3,1),
(71,3,12,2,2),
(72,3,12,3,1),
(73,4,12,2,1),
(74,4,12,3,1),
(75,5,12,2,0),
(76,5,12,3,2),
(77,21,12,2,2),
(78,21,12,3,3),
(79,1,13,2,0),
(80,1,13,2,0),
(81,2,13,2,1),
(82,2,13,2,1),
(83,3,13,2,2),
(84,3,13,2,0),
(85,4,13,2,2),
(86,4,13,2,1),
(87,5,13,2,0),
(88,5,13,2,1),
(89,21,13,2,2),
(90,21,13,2,0),
(91,1,14,2,1),
(92,1,14,2,1),
(93,2,14,2,0),
(94,2,14,2,2),
(95,3,14,2,1),
(96,3,14,2,0),
(97,4,14,2,2),
(98,4,14,2,1),
(99,5,14,2,1),
(100,5,14,2,1),
(101,21,14,2,1),
(102,21,14,2,2),
(103,1,15,3,1),
(104,2,15,3,2),
(105,3,15,3,0),
(106,4,15,3,3),
(107,5,15,3,1),
(108,21,15,3,1),
(109,1,11,2,0),
(110,1,11,2,2),
(111,2,11,2,0),
(112,2,11,2,2),
(113,3,11,2,1),
(114,3,11,2,0),
(115,4,11,2,0),
(116,4,11,2,0),
(117,5,11,2,2),
(118,5,11,2,0),
(119,21,11,2,2),
(120,21,11,2,1),
(121,1,12,2,2),
(122,1,12,3,3),
(123,2,12,2,1),
(124,2,12,3,0),
(125,3,12,2,0),
(126,3,12,3,1),
(127,4,12,2,1),
(128,4,12,3,3),
(129,5,12,2,2),
(130,5,12,3,3),
(131,21,12,2,1),
(132,21,12,3,2),
(133,1,13,2,1),
(134,1,13,2,0),
(135,2,13,2,0),
(136,2,13,2,2),
(137,3,13,2,1),
(138,3,13,2,0),
(139,4,13,2,1),
(140,4,13,2,0),
(141,5,13,2,0),
(142,5,13,2,1),
(143,21,13,2,0),
(144,21,13,2,0),
(145,1,14,2,2),
(146,1,14,2,1),
(147,2,14,2,0),
(148,2,14,2,2),
(149,3,14,2,2),
(150,3,14,2,2),
(151,4,14,2,1),
(152,4,14,2,2),
(153,5,14,2,0),
(154,5,14,2,2),
(155,21,14,2,2),
(156,21,14,2,1),
(157,1,15,3,2),
(158,2,15,3,1),
(159,3,15,3,0),
(160,4,15,3,0),
(161,5,15,3,3),
(162,21,15,3,2),
(163,1,11,2,0),
(164,1,11,2,1),
(165,2,11,2,1),
(166,2,11,2,1),
(167,3,11,2,1),
(168,3,11,2,0),
(169,4,11,2,0),
(170,4,11,2,0),
(171,5,11,2,0),
(172,5,11,2,0),
(173,21,11,2,2),
(174,21,11,2,2),
(175,1,12,2,1),
(176,1,12,3,1),
(177,2,12,2,0),
(178,2,12,3,2),
(179,3,12,2,0),
(180,3,12,3,1),
(181,4,12,2,1),
(182,4,12,3,3),
(183,5,12,2,2),
(184,5,12,3,2),
(185,21,12,2,0),
(186,21,12,3,3),
(187,1,13,2,2),
(188,1,13,2,2),
(189,2,13,2,2),
(190,2,13,2,2),
(191,3,13,2,2),
(192,3,13,2,1),
(193,4,13,2,2),
(194,4,13,2,2),
(195,5,13,2,1),
(196,5,13,2,2),
(197,21,13,2,0),
(198,21,13,2,1),
(199,1,14,2,0),
(200,1,14,2,0),
(201,2,14,2,2),
(202,2,14,2,2),
(203,3,14,2,2),
(204,3,14,2,2),
(205,4,14,2,2),
(206,4,14,2,2),
(207,5,14,2,2),
(208,5,14,2,2),
(209,21,14,2,2),
(210,21,14,2,1),
(211,1,15,3,1),
(212,2,15,3,2),
(213,3,15,3,0),
(214,4,15,3,3),
(215,5,15,3,0),
(216,21,15,3,1),
(217,1,11,2,0),
(218,1,11,2,1),
(219,2,11,2,2),
(220,2,11,2,1),
(221,3,11,2,2),
(222,3,11,2,2),
(223,4,11,2,2),
(224,4,11,2,1),
(225,5,11,2,2),
(226,5,11,2,0),
(227,21,11,2,1),
(228,21,11,2,2),
(229,1,12,2,2),
(230,1,12,3,3),
(231,2,12,2,2),
(232,2,12,3,3),
(233,3,12,2,1),
(234,3,12,3,1),
(235,4,12,2,2),
(236,4,12,3,3),
(237,5,12,2,0),
(238,5,12,3,1),
(239,21,12,2,0),
(240,21,12,3,0),
(241,1,13,2,0),
(242,1,13,2,0),
(243,2,13,2,0),
(244,2,13,2,2),
(245,3,13,2,2),
(246,3,13,2,0),
(247,4,13,2,1),
(248,4,13,2,1),
(249,5,13,2,2),
(250,5,13,2,0),
(251,21,13,2,1),
(252,21,13,2,1),
(253,1,14,2,1),
(254,1,14,2,0),
(255,2,14,2,1),
(256,2,14,2,0),
(257,3,14,2,0),
(258,3,14,2,2),
(259,4,14,2,1),
(260,4,14,2,1),
(261,5,14,2,1),
(262,5,14,2,2),
(263,21,14,2,1),
(264,21,14,2,1),
(265,1,15,3,3),
(266,2,15,3,0),
(267,3,15,3,3),
(268,4,15,3,1),
(269,5,15,3,2),
(270,21,15,3,0),
(271,1,11,2,2),
(272,1,11,2,0),
(273,2,11,2,0),
(274,2,11,2,2),
(275,3,11,2,2),
(276,3,11,2,1),
(277,4,11,2,2),
(278,4,11,2,1),
(279,5,11,2,2),
(280,5,11,2,0),
(281,21,11,2,2),
(282,21,11,2,2),
(283,1,12,2,2),
(284,1,12,3,2),
(285,2,12,2,2),
(286,2,12,3,3),
(287,3,12,2,1),
(288,3,12,3,2),
(289,4,12,2,2),
(290,4,12,3,2),
(291,5,12,2,1),
(292,5,12,3,3),
(293,21,12,2,1),
(294,21,12,3,0),
(295,1,13,2,1),
(296,1,13,2,1),
(297,2,13,2,1),
(298,2,13,2,2),
(299,3,13,2,2),
(300,3,13,2,2),
(301,4,13,2,0),
(302,4,13,2,2),
(303,5,13,2,1),
(304,5,13,2,1),
(305,21,13,2,0),
(306,21,13,2,0),
(307,1,14,2,1),
(308,1,14,2,1),
(309,2,14,2,0),
(310,2,14,2,0),
(311,3,14,2,2),
(312,3,14,2,1),
(313,4,14,2,0),
(314,4,14,2,0),
(315,5,14,2,1),
(316,5,14,2,2),
(317,21,14,2,1),
(318,21,14,2,2),
(319,1,15,3,1),
(320,2,15,3,2),
(321,3,15,3,3),
(322,4,15,3,3),
(323,5,15,3,3),
(324,21,15,3,3),
(325,1,11,2,2),
(326,1,11,2,1),
(327,2,11,2,1),
(328,2,11,2,2),
(329,3,11,2,0),
(330,3,11,2,1),
(331,4,11,2,1),
(332,4,11,2,2),
(333,5,11,2,0),
(334,5,11,2,1),
(335,21,11,2,2),
(336,21,11,2,0),
(337,1,12,2,0),
(338,1,12,3,1),
(339,2,12,2,2),
(340,2,12,3,3),
(341,3,12,2,1),
(342,3,12,3,2),
(343,4,12,2,1),
(344,4,12,3,2),
(345,5,12,2,2),
(346,5,12,3,2),
(347,21,12,2,1),
(348,21,12,3,2),
(349,1,13,2,1),
(350,1,13,2,1),
(351,2,13,2,0),
(352,2,13,2,2),
(353,3,13,2,2),
(354,3,13,2,0),
(355,4,13,2,0),
(356,4,13,2,2),
(357,5,13,2,2),
(358,5,13,2,0),
(359,21,13,2,2),
(360,21,13,2,2),
(361,1,14,2,1),
(362,1,14,2,1),
(363,2,14,2,1),
(364,2,14,2,0),
(365,3,14,2,2),
(366,3,14,2,0),
(367,4,14,2,1),
(368,4,14,2,0),
(369,5,14,2,1),
(370,5,14,2,2),
(371,21,14,2,0),
(372,21,14,2,0),
(373,1,15,3,1),
(374,2,15,3,0),
(375,3,15,3,0),
(376,4,15,3,1),
(377,5,15,3,0),
(378,21,15,3,3),
(379,1,11,2,2),
(380,1,11,2,0),
(381,2,11,2,0),
(382,2,11,2,1),
(383,3,11,2,2),
(384,3,11,2,0),
(385,4,11,2,0),
(386,4,11,2,1),
(387,5,11,2,2),
(388,5,11,2,2),
(389,21,11,2,2),
(390,21,11,2,0),
(391,1,12,2,0),
(392,1,12,3,1),
(393,2,12,2,1),
(394,2,12,3,1),
(395,3,12,2,0),
(396,3,12,3,3),
(397,4,12,2,2),
(398,4,12,3,2),
(399,5,12,2,0),
(400,5,12,3,0),
(401,21,12,2,1),
(402,21,12,3,1),
(403,1,13,2,1),
(404,1,13,2,1),
(405,2,13,2,2),
(406,2,13,2,1),
(407,3,13,2,2),
(408,3,13,2,1),
(409,4,13,2,0),
(410,4,13,2,2),
(411,5,13,2,1),
(412,5,13,2,0),
(413,21,13,2,2),
(414,21,13,2,0),
(415,1,14,2,1),
(416,1,14,2,0),
(417,2,14,2,2),
(418,2,14,2,1),
(419,3,14,2,0),
(420,3,14,2,2),
(421,4,14,2,2),
(422,4,14,2,2),
(423,5,14,2,0),
(424,5,14,2,2),
(425,21,14,2,1),
(426,21,14,2,1),
(427,1,15,3,2),
(428,2,15,3,1),
(429,3,15,3,0),
(430,4,15,3,1),
(431,5,15,3,1),
(432,21,15,3,3),
(433,1,11,2,2),
(434,1,11,2,2),
(435,2,11,2,0),
(436,2,11,2,2),
(437,3,11,2,2),
(438,3,11,2,0),
(439,4,11,2,1),
(440,4,11,2,2),
(441,5,11,2,2),
(442,5,11,2,2),
(443,21,11,2,2),
(444,21,11,2,0),
(445,1,12,2,1),
(446,1,12,3,3),
(447,2,12,2,1),
(448,2,12,3,3),
(449,3,12,2,0),
(450,3,12,3,3),
(451,4,12,2,1),
(452,4,12,3,1),
(453,5,12,2,1),
(454,5,12,3,2),
(455,21,12,2,1),
(456,21,12,3,0),
(457,1,13,2,1),
(458,1,13,2,2),
(459,2,13,2,0),
(460,2,13,2,1),
(461,3,13,2,2),
(462,3,13,2,0),
(463,4,13,2,1),
(464,4,13,2,1),
(465,5,13,2,0),
(466,5,13,2,0),
(467,21,13,2,2),
(468,21,13,2,1),
(469,1,14,2,0),
(470,1,14,2,0),
(471,2,14,2,2),
(472,2,14,2,2),
(473,3,14,2,2),
(474,3,14,2,0),
(475,4,14,2,1),
(476,4,14,2,0),
(477,5,14,2,0),
(478,5,14,2,1),
(479,21,14,2,2),
(480,21,14,2,0),
(481,1,15,3,0),
(482,2,15,3,3),
(483,3,15,3,3),
(484,4,15,3,1),
(485,5,15,3,2),
(486,21,15,3,3),
(487,1,11,2,0),
(488,1,11,2,1),
(489,2,11,2,2),
(490,2,11,2,0),
(491,3,11,2,1),
(492,3,11,2,1),
(493,4,11,2,0),
(494,4,11,2,0),
(495,5,11,2,1),
(496,5,11,2,2),
(497,21,11,2,0),
(498,21,11,2,2),
(499,1,12,2,0),
(500,1,12,3,0),
(501,2,12,2,2),
(502,2,12,3,3),
(503,3,12,2,2),
(504,3,12,3,0),
(505,4,12,2,1),
(506,4,12,3,2),
(507,5,12,2,2),
(508,5,12,3,3),
(509,21,12,2,2),
(510,21,12,3,0),
(511,1,13,2,1),
(512,1,13,2,0),
(513,2,13,2,1),
(514,2,13,2,1),
(515,3,13,2,0),
(516,3,13,2,0),
(517,4,13,2,1),
(518,4,13,2,1),
(519,5,13,2,2),
(520,5,13,2,0),
(521,21,13,2,2),
(522,21,13,2,2),
(523,1,14,2,0),
(524,1,14,2,2),
(525,2,14,2,2),
(526,2,14,2,1),
(527,3,14,2,0),
(528,3,14,2,1),
(529,4,14,2,1),
(530,4,14,2,1),
(531,5,14,2,1),
(532,5,14,2,0),
(533,21,14,2,1),
(534,21,14,2,0),
(535,1,15,3,1),
(536,2,15,3,2),
(537,3,15,3,1),
(538,4,15,3,1),
(539,5,15,3,0),
(540,21,15,3,0),
(541,1,11,2,2),
(542,1,11,2,1),
(543,2,11,2,1),
(544,2,11,2,0),
(545,3,11,2,1),
(546,3,11,2,0),
(547,4,11,2,2),
(548,4,11,2,2),
(549,5,11,2,1),
(550,5,11,2,0),
(551,21,11,2,2),
(552,21,11,2,2),
(553,1,12,2,2),
(554,1,12,3,1),
(555,2,12,2,0),
(556,2,12,3,3),
(557,3,12,2,2),
(558,3,12,3,3),
(559,4,12,2,0),
(560,4,12,3,0),
(561,5,12,2,2),
(562,5,12,3,3),
(563,21,12,2,1),
(564,21,12,3,2),
(565,1,13,2,2),
(566,1,13,2,0),
(567,2,13,2,1),
(568,2,13,2,2),
(569,3,13,2,1),
(570,3,13,2,2),
(571,4,13,2,1),
(572,4,13,2,0),
(573,5,13,2,0),
(574,5,13,2,0),
(575,21,13,2,2),
(576,21,13,2,2),
(577,1,14,2,1),
(578,1,14,2,0),
(579,2,14,2,2),
(580,2,14,2,0),
(581,3,14,2,1),
(582,3,14,2,0),
(583,4,14,2,1),
(584,4,14,2,2),
(585,5,14,2,2),
(586,5,14,2,2),
(587,21,14,2,2),
(588,21,14,2,0),
(589,1,15,3,3),
(590,2,15,3,3),
(591,3,15,3,0),
(592,4,15,3,2),
(593,5,15,3,0),
(594,21,15,3,1),
(595,1,11,2,2),
(596,1,11,2,1),
(597,2,11,2,2),
(598,2,11,2,2),
(599,3,11,2,0),
(600,3,11,2,1),
(601,4,11,2,2),
(602,4,11,2,2),
(603,5,11,2,0),
(604,5,11,2,1),
(605,21,11,2,0),
(606,21,11,2,2),
(607,1,12,2,1),
(608,1,12,3,2),
(609,2,12,2,0),
(610,2,12,3,3),
(611,3,12,2,2),
(612,3,12,3,3),
(613,4,12,2,0),
(614,4,12,3,1),
(615,5,12,2,1),
(616,5,12,3,0),
(617,21,12,2,1),
(618,21,12,3,1),
(619,1,13,2,2),
(620,1,13,2,2),
(621,2,13,2,2),
(622,2,13,2,1),
(623,3,13,2,1),
(624,3,13,2,0),
(625,4,13,2,1),
(626,4,13,2,2),
(627,5,13,2,2),
(628,5,13,2,2),
(629,21,13,2,1),
(630,21,13,2,2),
(631,1,14,2,2),
(632,1,14,2,0),
(633,2,14,2,0),
(634,2,14,2,1),
(635,3,14,2,1),
(636,3,14,2,2),
(637,4,14,2,0),
(638,4,14,2,1),
(639,5,14,2,2),
(640,5,14,2,0),
(641,21,14,2,1),
(642,21,14,2,1),
(643,1,15,3,3),
(644,2,15,3,2),
(645,3,15,3,1),
(646,4,15,3,0),
(647,5,15,3,1),
(648,21,15,3,2),
(649,1,11,2,1),
(650,1,11,2,0),
(651,2,11,2,1),
(652,2,11,2,2),
(653,3,11,2,1),
(654,3,11,2,0),
(655,4,11,2,0),
(656,4,11,2,0),
(657,5,11,2,0),
(658,5,11,2,0),
(659,21,11,2,0),
(660,21,11,2,1),
(661,1,12,2,1),
(662,1,12,3,0),
(663,2,12,2,2),
(664,2,12,3,2),
(665,3,12,2,1),
(666,3,12,3,1),
(667,4,12,2,1),
(668,4,12,3,0),
(669,5,12,2,1),
(670,5,12,3,2),
(671,21,12,2,1),
(672,21,12,3,0),
(673,1,13,2,1),
(674,1,13,2,2),
(675,2,13,2,1),
(676,2,13,2,0),
(677,3,13,2,0),
(678,3,13,2,1),
(679,4,13,2,0),
(680,4,13,2,1),
(681,5,13,2,1),
(682,5,13,2,0),
(683,21,13,2,1),
(684,21,13,2,0),
(685,1,14,2,0),
(686,1,14,2,0),
(687,2,14,2,2),
(688,2,14,2,2),
(689,3,14,2,1),
(690,3,14,2,1),
(691,4,14,2,2),
(692,4,14,2,1),
(693,5,14,2,0),
(694,5,14,2,0),
(695,21,14,2,1),
(696,21,14,2,0),
(697,1,15,3,3),
(698,2,15,3,0),
(699,3,15,3,2),
(700,4,15,3,3),
(701,5,15,3,3),
(702,21,15,3,0);


INSERT INTO Payments(PaymentID, StudentID, ProgramYearID, PaymentAmount,PaymentDate)
VALUES
(1,1,19,1800,'2022-09-12'),
(2,1,19,1800,'2022-02-25'),
(3,1,20,1800,'2023-09-15'),
(4,1,20,1800,'2023-02-23'),
(5,2,19,2000,'2022-09-15'),
(6,2,19,2000,'2022-03-01'),
(7,2,20,2000,'2023-09-27'),
(8,2,20,2000,'2023-02-28'),

(9,3,19,1000,'2022-09-16'),
(10,3,19,1000,'2022-03-02'),
(11,3,20,1000,'2023-09-28'),
(12,3,20,1000,'2023-02-27'),

(13,4,19,2000,'2022-09-18'),
(14,4,19,2000,'2022-02-27'),
(15,4,20,2000,'2023-09-25'),
(16,4,20,2000,'2023-02-28'),

(17,5,19,1000,'2022-09-15'),
(18,5,19,1000,'2022-03-02'),
(19,5,20,1000,'2023-09-25'),
(20,5,20,1000,'2023-02-27'),

(21,21,19,500,'2023-09-30'),
(22,21,19,500,'2023-02-26'),
(23,21,20,500,'2023-09-19'),
(24,21,20,500,'2023-02-20');

